INSERT INTO `fondevi`.`agent`
(
`agentid`,
`agent_name`,
`email`,
`is_verified`,
`lastwritten`,
`password`,
`role`
)
VALUES
(1,'admin','admin@gmail.com',1,NULL,'$2a$12$g/jR.6MAnaODm.XOyV4B6ulYb2R8b7Lmsidj6Ros2Yzq2E.BR765e','admin'),(2,'agent','agent@gmail.com',1,NULL,'$2a$12$ERLyPs9iYR1RbG7EFU3L.Ob4HP1nuNNNIMTMZBmUCZSm9vMQl8ira','agent'),(3,'agent2','agent2@gmail.com',1,'2023-12-14 16:05:09.842849','$2a$10$cpe18H84fF9WhtDGm.npFejtjEi1XnAwK47UgoHXq7esAHMbx4FR.','agent');



SET FOREIGN_KEY_CHECKS=0;
INSERT INTO fondevi.question_group(`question_group_id`,
`creationdate`,
`lastwritten`,
`question_group_name`) VALUES
(1,NULL,null,'Personal'),
(2,NULL,null,'Employment/revenue/Financial'),
(3,NULL,null,'Family'),
(4,NULL,NULL,'Sexual Harassment Victim'),
(5,NULL,NULL,'Sexual Harassment Harasser'),
(6,NULL,NULL,'Health'),
(7,NULL,NULL,'Political'),
(8,NULL,NULL,'Domestic Violence'),
(9,NULL,NULL,'Security');

INSERT INTO fondevi.questions (questionid, creationdate, lastwritten, question_text, short_text, status, surveyid, question_group_id,`type`) VALUES
(1,NULL,NULL,'How old are you?','personal_age','Active',NULL,1,NULL),
(2,NULL,NULL,'Have you attended any school?','personal_attendedSchool','Active',NULL,1,NULL),
(3,NULL,NULL,'Do you know how to read?',NULL,'Active',NULL,1,NULL),
(4,NULL,NULL,'Have you been violated once?','personal_violatedOnce','Active',NULL,1,NULL),
(5,NULL,NULL,'Are you married?','personal_married','Active',NULL,1,NULL),
(6,NULL,NULL,'Do you live with a man?',NULL,'Active',NULL,1,NULL),
(7,NULL,NULL,'Do you have protected sex?',NULL,'Active',NULL,1,NULL),
(8,NULL,NULL,'Where do you live?','CITY','Active',NULL,1,NULL),
(9,NULL,NULL,'Do you have multiple partners?','personal_multiplePartners','Active',NULL,1,NULL),
(10,NULL,NULL,'Have you ever voted?',NULL,'Active',NULL,1,NULL),
(11,NULL,NULL,'Do you have an electoral card?',NULL,'Active',NULL,1,NULL),
(12,NULL,NULL,'Do you have any kids?','personal_haveKids','Active',NULL,1,NULL),
(13,NULL,NULL,'Do you have a cell phone? ','NUM','Active',NULL,1,NULL),
(14,NULL,NULL,'Are you actually working?','employment_workingNow','Active',NULL,2,NULL),
(15,NULL,NULL,'Are you a street vendor?','employment_streetVendor','Active',NULL,2,NULL),
(16,NULL,NULL,'How much do you earn (per week)?','employment_weeklyEarnings','Active',NULL,2,NULL),
(17,NULL,NULL,'At what age have you started to work?',NULL,'Active',NULL,2,NULL),
(18,NULL,NULL,'Where do you work? ',NULL,'Active',NULL,2,NULL),
(19,NULL,NULL,'Have you ever received transfers from a family member in a foreign country? ',NULL,'Active',NULL,2,NULL),
(20,NULL,NULL,' Do you regularly receive transfers from people leaving in the diaspora?',NULL,'Active',NULL,2,NULL),
(21,NULL,NULL,'In average how many transfers do you receive per month? ',NULL,'Active',NULL,2,NULL),
(22,NULL,NULL,'Do you receive transfers through your phone?',NULL,'Active',NULL,2,NULL),
(23,NULL,NULL,'Do you have a bank account?','employment_bankAccount','Active',NULL,2,NULL),
(24,NULL,NULL,'Do you know how much money your husband/partner makes?','employment_knowPartnerIncome','Active',NULL,2,NULL),
(25,NULL,NULL,'Are you married?','family_married','Active',NULL,3,NULL),
(26,NULL,NULL,'Do you live with a man?',NULL,'Active',NULL,3,NULL),
(27,NULL,NULL,'Does the man help in house expenses?',NULL,'Active',NULL,3,NULL),
(28,NULL,NULL,'Is the man violent?','family_manviolent','Active',NULL,3,NULL),
(29,NULL,NULL,'Have the man hit you once?',NULL,'Active',NULL,3,NULL),
(30,NULL,NULL,'Is it a habit for him to hit you?',NULL,'Active',NULL,3,NULL),
(31,NULL,NULL,'Do you know if your husband have any other affairs?',NULL,'Active',NULL,3,NULL),
(32,NULL,NULL,'Does the man help in the households?',NULL,'Active',NULL,3,NULL),
(33,NULL,NULL,'How many kids do you have?','family_numberOfChildren','Active',NULL,3,NULL),
(34,NULL,NULL,'How many peoples live in the same house?','family_householdSize','Active',NULL,3,NULL),(35,NULL,NULL,'Does your husband work?','family_husbandEmployed','Active',NULL,3,NULL),(36,NULL,NULL,'Are all the kids enrolled in schools? If no why?','family_childrenInSchool','Active',NULL,3,NULL),(37,NULL,NULL,'Have you already been harassed before?','harasser_harassedBefore','Active',NULL,4,NULL),(38,NULL,NULL,'Who have harassed you?',NULL,'Active',NULL,4,NULL),(39,NULL,NULL,'Have you lost your job because of it ?',NULL,'Active',NULL,4,NULL),(40,NULL,NULL,'How would you like the situation to be resolved?',NULL,'Active',NULL,4,NULL),(41,NULL,NULL,'Have you already harassed a woman before ?',NULL,'Active',NULL,5,NULL),(42,NULL,NULL,'Do you consider it normal to harass women ?',NULL,'Active',NULL,5,NULL),(43,NULL,NULL,'Have you had sex forcefully with a woman before?',NULL,'Active',NULL,5,NULL),(44,NULL,NULL,'Do you have job?','harasser_employed','Active',NULL,5,NULL),(45,NULL,NULL,'Have you hit your woman before?','harasser_hitWomanRegularly','Active',NULL,5,NULL),(46,NULL,NULL,'Have you ever done a HIV test?','harasser_undergoneHIVTest','Active',NULL,5,NULL),(47,NULL,NULL,'Are you HIV positive? ','harasser_hivPositiveMedication','Active',NULL,5,NULL),(48,NULL,NULL,'Have you ever done a HIV test?','health_takenHIVTest','Active',NULL,6,NULL),(49,NULL,NULL,'Are you HIV positive? ','health_hivPositiveAndMedicated','Active',NULL,6,NULL),(50,NULL,NULL,'At what age did you have your first sexual act?',NULL,'Active',NULL,6,NULL),(51,NULL,NULL,'Do you eat every day?',NULL,'Active',NULL,6,NULL),(52,NULL,NULL,'Have you ever had an abortion?','health_abortion','Active',NULL,6,NULL),(53,NULL,NULL,'Have you already contacted any STDs?','health_std','Active',NULL,6,NULL),(54,NULL,NULL,'Have you ever consulted a gynecologist?',NULL,'Active',NULL,6,NULL),(55,NULL,NULL,'Are you under any birth control program?','health_birthControl','Active',NULL,6,NULL),(56,NULL,NULL,'Have you ever vote in you life?','political_voted','Active',NULL,7,NULL),(57,NULL,NULL,'Have you ever received money to vote?',NULL,'Active',NULL,7,NULL),(58,NULL,NULL,'Do you believe in the voting system?',NULL,'Active',NULL,7,NULL),(59,NULL,NULL,'Are you a partisan of any actual political leaders?','political_supportLeader','Active',NULL,7,NULL),(60,NULL,NULL,'Who would you like to be named as President?',NULL,'Active',NULL,7,NULL),(61,NULL,NULL,'Do you talk politics with your husband or partner?','political_discussPolitics','Active',NULL,7,NULL),(62,NULL,NULL,'Are you interested in having a political position in the government?',NULL,'Active',NULL,7,NULL),(63,NULL,NULL,'Where do you work?',NULL,'Active',NULL,7,NULL),(64,NULL,NULL,'Do you have a college degree?','political_collegeDegree','Active',NULL,7,NULL),(65,NULL,NULL,'Do your husband or partner hit you? ','dv_partnerHits','Active',NULL,8,NULL),(66,NULL,NULL,'Does your husband or partner use an object to hit you?',NULL,'Active',NULL,8,NULL),(67,NULL,NULL,'Do you live with anyone else in the house who hit you?','dv_otherHits','Active',NULL,8,NULL),(68,NULL,NULL,'Do you have anyone else in the house who violate you?','dv_violate','Active',NULL,8,NULL),(69,NULL,NULL,'Have you ever filled a formal complaint?','dv_filedComplaint','Active',NULL,8,NULL),(70,NULL,NULL,'Have you ever been victim of gang activities?','security_victimGangActivities','Active',NULL,9,NULL),(71,NULL,NULL,'Have you ever been violated by gang members?','security_violatedByGangMembers','Active',NULL,9,NULL),(72,NULL,NULL,'Have you ever been robbed in the streets?',NULL,'Active',NULL,9,NULL),(73,NULL,NULL,'Do you have any family members or friends who have been killed by gang members?',NULL,'Active',NULL,9,NULL),(74,NULL,NULL,'Where do you live?',NULL,'Active',NULL,9,NULL),(75,NULL,NULL,'Have you already been kidnapped? ','security_everKidnapped','Active',NULL,9,NULL),(76,NULL,NULL,'Have you been violated while being kidnapped?',NULL,'Active',NULL,9,NULL),(77,NULL,NULL,'Have you already been violated by a police officer?','security_policeOfficerViolated','Active',NULL,9,NULL),(78,NULL,NULL,'Would you mind sharing the number?','personal_phonenumber','Active',NULL,1,NULL),(81,NULL,NULL,'Address (Please select address from map)','personal_address','Active',NULL,1,NULL);


INSERT INTO fondevi.question_options(question_optionid, option_text, questionid, latitude, longitude,creationdate,lastwritten) VALUES (1,'None',2,NULL,NULL,NULL,NULL),(2,'Alphabetized',2,NULL,NULL,NULL,NULL),(3,'Yes',3,NULL,NULL,NULL,NULL),(4,'No',3,NULL,NULL,NULL,NULL),(5,'Yes',4,NULL,NULL,NULL,NULL),(6,'No',4,NULL,NULL,NULL,NULL),(7,'Yes',5,NULL,NULL,NULL,NULL),(8,'No',5,NULL,NULL,NULL,NULL),(9,'Yes',6,NULL,NULL,NULL,NULL),(10,'No',6,NULL,NULL,NULL,NULL),(11,'Yes',7,NULL,NULL,NULL,NULL),(12,'No',7,NULL,NULL,NULL,NULL),(15,'Yes',9,NULL,NULL,NULL,NULL),(16,'No',9,NULL,NULL,NULL,NULL),(17,'Yes',10,NULL,NULL,NULL,NULL),(18,'No',10,NULL,NULL,NULL,NULL),(19,'Yes',11,NULL,NULL,NULL,NULL),(20,'No',11,NULL,NULL,NULL,NULL),(21,'None',12,NULL,NULL,NULL,NULL),(22,'One',12,NULL,NULL,NULL,NULL),(23,'Yes',13,NULL,NULL,NULL,NULL),(24,'No',13,NULL,NULL,NULL,NULL),(25,'Yes',15,NULL,NULL,NULL,NULL),(26,'No',15,NULL,NULL,NULL,NULL),(27,'Household',18,NULL,NULL,NULL,NULL),(28,'Office',18,NULL,NULL,NULL,NULL),(29,'Streets',18,NULL,NULL,NULL,NULL),(30,'Labour',18,NULL,NULL,NULL,NULL),(31,'Sex Worker',18,NULL,NULL,NULL,NULL),(32,'Yes',19,NULL,NULL,NULL,NULL),(33,'No',19,NULL,NULL,NULL,NULL),(34,'Yes',20,NULL,NULL,NULL,NULL),(35,'No',20,NULL,NULL,NULL,NULL),(36,'Yes',22,NULL,NULL,NULL,NULL),(37,'No',22,NULL,NULL,NULL,NULL),(38,'Yes',23,NULL,NULL,NULL,NULL),(39,'No',23,NULL,NULL,NULL,NULL),(40,'Yes',24,NULL,NULL,NULL,NULL),(41,'No',24,NULL,NULL,NULL,NULL),(42,'Yes',25,NULL,NULL,NULL,NULL),(43,'No',25,NULL,NULL,NULL,NULL),(44,'Yes',26,NULL,NULL,NULL,NULL),(45,'No',26,NULL,NULL,NULL,NULL),(46,'Yes',27,NULL,NULL,NULL,NULL),(47,'No',27,NULL,NULL,NULL,NULL),(48,'Yes',28,NULL,NULL,NULL,NULL),(49,'No',28,NULL,NULL,NULL,NULL),(50,'Yes',29,NULL,NULL,NULL,NULL),(51,'No',29,NULL,NULL,NULL,NULL),(52,'Yes',30,NULL,NULL,NULL,NULL),(53,'No',30,NULL,NULL,NULL,NULL),(54,'Yes',32,NULL,NULL,NULL,NULL),(55,'No',32,NULL,NULL,NULL,NULL),(56,'Yes',35,NULL,NULL,NULL,NULL),(57,'No',35,NULL,NULL,NULL,NULL),(58,'Yes',37,NULL,NULL,NULL,NULL),(59,'No',37,NULL,NULL,NULL,NULL),(60,'Yes',38,NULL,NULL,NULL,NULL),(61,'No',38,NULL,NULL,NULL,NULL),(62,'Yes',39,NULL,NULL,NULL,NULL),(63,'No',39,NULL,NULL,NULL,NULL),(64,'Yes',41,NULL,NULL,NULL,NULL),(65,'No',41,NULL,NULL,NULL,NULL),(66,'Yes',42,NULL,NULL,NULL,NULL),(67,'No',42,NULL,NULL,NULL,NULL),(68,'Yes',43,NULL,NULL,NULL,NULL),(69,'No',43,NULL,NULL,NULL,NULL),(70,'Yes',44,NULL,NULL,NULL,NULL),(71,'No',44,NULL,NULL,NULL,NULL),(72,'Yes',45,NULL,NULL,NULL,NULL),(73,'No',45,NULL,NULL,NULL,NULL),(74,'Yes',46,NULL,NULL,NULL,NULL),(75,'No',46,NULL,NULL,NULL,NULL),(78,'Yes',48,NULL,NULL,NULL,NULL),(79,'No',48,NULL,NULL,NULL,NULL),(80,'Yes',51,NULL,NULL,NULL,NULL),(81,'No',51,NULL,NULL,NULL,NULL),(82,'Yes',52,NULL,NULL,NULL,NULL),(83,'No',52,NULL,NULL,NULL,NULL),(84,'Yes',53,NULL,NULL,NULL,NULL),(85,'No',53,NULL,NULL,NULL,NULL),(86,'Yes',54,NULL,NULL,NULL,NULL),(87,'No',54,NULL,NULL,NULL,NULL),(88,'Yes',55,NULL,NULL,NULL,NULL),(89,'No',55,NULL,NULL,NULL,NULL),(90,'Yes',56,NULL,NULL,NULL,NULL),(91,'No',56,NULL,NULL,NULL,NULL),(92,'Yes',57,NULL,NULL,NULL,NULL),(93,'No',57,NULL,NULL,NULL,NULL),(94,'Yes',58,NULL,NULL,NULL,NULL),(95,'No',58,NULL,NULL,NULL,NULL),(96,'Yes',59,NULL,NULL,NULL,NULL),(97,'No',59,NULL,NULL,NULL,NULL),(98,'Yes',61,NULL,NULL,NULL,NULL),(99,'No',61,NULL,NULL,NULL,NULL),(100,'Yes',62,NULL,NULL,NULL,NULL),(101,'No',62,NULL,NULL,NULL,NULL),(102,'Yes',64,NULL,NULL,NULL,NULL),(103,'No',64,NULL,NULL,NULL,NULL),(104,'Yes',65,NULL,NULL,NULL,NULL),(105,'No',65,NULL,NULL,NULL,NULL),(106,'Yes',66,NULL,NULL,NULL,NULL),(107,'No',66,NULL,NULL,NULL,NULL),(108,'Yes',67,NULL,NULL,NULL,NULL),(109,'No',67,NULL,NULL,NULL,NULL),(110,'Yes',68,NULL,NULL,NULL,NULL),(111,'No',68,NULL,NULL,NULL,NULL),(112,'Yes',69,NULL,NULL,NULL,NULL),(113,'No',69,NULL,NULL,NULL,NULL),(114,'Yes',70,NULL,NULL,NULL,NULL),(115,'No',70,NULL,NULL,NULL,NULL),(116,'Yes',71,NULL,NULL,NULL,NULL),(117,'Yes',72,NULL,NULL,NULL,NULL),(118,'Yes',73,NULL,NULL,NULL,NULL),(119,'No',73,NULL,NULL,NULL,NULL),(120,'Yes',75,NULL,NULL,NULL,NULL),(121,'No',75,NULL,NULL,NULL,NULL),(122,'Yes',76,NULL,NULL,NULL,NULL),(123,'No',76,NULL,NULL,NULL,NULL),(124,'Yes',77,NULL,NULL,NULL,NULL),(125,'No',77,NULL,NULL,NULL,NULL),(126,'Unemployed',14,NULL,NULL,NULL,NULL),(127,'Employeed',14,NULL,NULL,NULL,NULL),(162,'Port-au-Prince',79,'18.5333','-72.3333',NULL,NULL),(163,'Carrefour',79,'18.5344','-72.4094',NULL,NULL),(164,'Pétion-Ville',79,'18.5128','-72.2864',NULL,NULL),(165,'Gonaïves',79,'19.4456','-72.6883',NULL,NULL),(166,'Croix-des-Bouquets',79,'18.5761','-72.2269',NULL,NULL),(167,'Delmas',79,'18.5500','-72.3000',NULL,NULL),(168,'Cap-Haïtien',79,'19.7600','-72.2000',NULL,NULL),(169,'Les Cayes',79,'18.2000','-73.7500',NULL,NULL),(170,'Petite Rivière de l’Artibonite',79,'19.1333','-72.4833',NULL,NULL),(171,'Saint-Marc',79,'19.1167','-72.7000',NULL,NULL),(172,'Jean-Rabel',79,'19.8500','-73.2000',NULL,NULL),(173,'Jacmel',79,'18.2353','-72.5367',NULL,NULL),(174,'Tabarre',79,'18.5833','-72.2667',NULL,NULL),(175,'Dessalines',79,'19.2833','-72.5000',NULL,NULL),(176,'Port-de-Paix',79,'19.9500','-72.8333',NULL,NULL),(177,'Aquin',79,'18.2833','-73.4000',NULL,NULL),(178,'Hinche',79,'19.1500','-72.0167',NULL,NULL),(179,'Léogâne',79,'18.5108','-72.6339',NULL,NULL),(180,'Saint-Louis du Nord',79,'19.9333','-72.7167',NULL,NULL),(181,'Limbé',79,'19.7056','-72.4147',NULL,NULL),(182,'Limonade',79,'19.6667','-72.1167',NULL,NULL),(183,'Miragoâne',79,'18.4458','-73.0900',NULL,NULL),(184,'Plaisance',79,'19.6000','-72.4667',NULL,NULL),(185,'Pilate',79,'19.6667','-72.5500',NULL,NULL),(186,'Port-Margot',79,'19.7500','-72.4333',NULL,NULL),(187,'Cabaret',79,'18.7343','-72.4159',NULL,NULL),(188,'Fort Liberté',79,'19.6678','-71.8397',NULL,NULL),(189,'Saintard',79,'18.8240','-72.5500',NULL,NULL),(190,'Milot',79,'19.6047','-72.2186',NULL,NULL),(191,'Jérémie',79,'18.6500','-74.1167',NULL,NULL),(192,'Arcahaie',79,'18.7718','-72.5123',NULL,NULL),(193,'Liancourt',79,'19.1356','-72.5333',NULL,NULL),(194,'Petit-Goâve',79,'18.4314','-72.8669',NULL,NULL),(195,'La Pointe',79,'19.9500','-72.7833',NULL,NULL),(197,'No',71,NULL,NULL,NULL,NULL),(198,'No',72,NULL,NULL,NULL,NULL),(199,'Cohabiting',5,NULL,NULL,NULL,NULL),(200,'Primary',2,NULL,NULL,NULL,NULL),(201,'Secondary',2,NULL,NULL,NULL,NULL),(202,'University',2,NULL,NULL,NULL,NULL),(203,'Once',4,NULL,NULL,NULL,NULL),(204,'More than once',4,NULL,NULL,NULL,NULL),(205,'More then two',9,NULL,NULL,NULL,NULL),(206,'Two',12,NULL,NULL,NULL,NULL),(207,'More then two',12,NULL,NULL,NULL,NULL),(208,'Prostitute',14,NULL,NULL,NULL,NULL),(209,'Prostitute',15,NULL,NULL,NULL,NULL),(210,'Unibanque',23,NULL,NULL,NULL,NULL),(211,'Sogebanque',23,NULL,NULL,NULL,NULL),(212,'Capital Bank',23,NULL,NULL,NULL,NULL),(213,'BNC',23,NULL,NULL,NULL,NULL),(214,'BUH',23,NULL,NULL,NULL,NULL),(215,'BPH',23,NULL,NULL,NULL,NULL),(216,'Yes',36,NULL,NULL,NULL,NULL),(217,'No',36,NULL,NULL,NULL,NULL),(218,'Only One',36,NULL,NULL,NULL,NULL),(219,'Two of them',36,NULL,NULL,NULL,NULL),(220,'More then two',36,NULL,NULL,NULL,NULL),(221,'All of them',36,NULL,NULL,NULL,NULL),(222,'Once',52,NULL,NULL,NULL,NULL),(223,'More then once',52,NULL,NULL,NULL,NULL),(224,'Father',68,NULL,NULL,NULL,NULL),(225,'Cousin',68,NULL,NULL,NULL,NULL),(226,'Less than 1000 G Per Month',16,NULL,NULL,NULL,NULL),(227,'Less than 10000 G Per Month',16,NULL,NULL,NULL,NULL),(228,'Less than 45000 G Per Month',16,NULL,NULL,NULL,NULL),(229,'More than 45000 G Per Month',16,NULL,NULL,NULL,NULL),(230,'More than 100000 G Per Month',16,NULL,NULL,NULL,NULL),(231,'0',33,NULL,NULL,NULL,NULL),(232,'1',33,NULL,NULL,NULL,NULL),(233,'2',33,NULL,NULL,NULL,NULL),(234,'2 +',33,NULL,NULL,NULL,NULL),(235,'Yes',49,NULL,NULL,NULL,NULL),(236,'Yes',49,NULL,NULL,NULL,NULL),(237,'Yes',47,NULL,NULL,NULL,NULL),(238,'No',47,NULL,NULL,NULL,NULL);
